Dataset,Episodes,Raw GB,Compressed GB,Converted,Complete,Done %,Status,Activity,,Metric,Value
ALL,3477,7173,1437,1740,1724,50%,⬜ idle,totl-01 totl-02,,,
assemble_box,169,22,84,159,159,94%,🟨 partial,,,Storage,
battery_into_clock,100,0,48,100,100,100%,🟩 done,,,NAS free,2.65 TB
bin_picking,100,0,4,100,100,100%,🟩 done,,,NAS raw left,7.17 TB
dishes_into_tray,40,0,50,40,40,100%,🟩 done,,,NAS compressed,1.44 TB
draw_smiley,51,0,2,51,51,100%,🟩 done,,,totl-01 disk free,0.69 TB
erase_whiteboard,150,0,64,150,150,100%,🟩 done,,,totl-02 disk free,1.21 TB
find_object,120,0,20,120,120,100%,🟩 done,,,,
open_drawer,150,0,4,150,150,100%,🟩 done,,,AWS,
pick_and_hold,70,0,15,70,70,100%,🟩 done,,,raw/ objects,0
pour_red_cup,100,0,27,100,100,100%,🟩 done,,,raw/ size,0.00 TB
prep_tape,160,0,50,160,160,100%,🟩 done,,,video/ objects,0
pull_handle_door,100,0,14,100,100,100%,🟩 done,,,video/ size,0.00 TB
push_cup_black_tape,200,0,45,200,200,100%,🟩 done,,,,
push_red_button,120,0,19,120,120,100%,🟩 done,,,Updated,2026-10-08 14:15
puzzle_piece,79,0,137,79,79,100%,🟩 done,,,Warnings,none
redcube,10,0,0,10,10,100%,🟩 done,,,,
separate_drivers,100,114,9,100,15,15%,🟨 partial,,,,
shape_sorting,11,66,4,11,0,0%,🟨 partial,,,,
shirt_on_hanger,30,393,57,30,0,0%,🟨 partial,,,,
sort_blocks,3,5,0,3,0,0%,🟨 partial,,,,
stack_blocks,150,353,43,150,0,0%,🟨 partial,,,,
trash_into_can,40,228,34,40,0,0%,🟨 partial,,,,
tshirt_folding,1174,5257,602,1171,0,0%,🟨 partial,,,,
twist_off_cap,50,181,25,50,0,0%,🟨 partial,,,,
usb_into_hub,100,199,25,100,0,0%,🟨 partial,,,,
ziploc,100,355,53,100,0,0%,🟨 partial,,,,
Encoders,totl-01=3 totl-02=3,,,,,,,
